,0,0.5,2,4
3996.36498,0.0043,0.00178,0.00093,0.00158
3994.43624,0.00422,0.00171,0.00094,0.00153
3992.50749,0.00423,0.00178,0.00102,0.00155
3990.57874,0.00427,0.0019,0.00105,0.00158
3988.64999,0.0043,0.00196,0.00105,0.00163
3986.72125,0.0043,0.00193,0.00104,0.00165
3984.7925,0.00426,0.00186,0.00101,0.0016
3982.86375,0.00424,0.0018,0.00098,0.00156
3980.935,0.00426,0.00179,0.00096,0.00158
3979.00626,0.00426,0.00179,0.00096,0.00161
3977.07751,0.00421,0.00176,0.00097,0.0016
3975.14876,0.00416,0.00174,0.00097,0.00158
3973.22001,0.00414,0.00172,0.00094,0.00157
3971.29127,0.00418,0.00173,0.00092,0.00157
3969.36252,0.00425,0.0018,0.00096,0.00158
3967.43377,0.0043,0.00186,0.00101,0.00157
3965.50502,0.00427,0.00181,0.00097,0.00152
3963.57628,0.00417,0.0017,0.00088,0.00143
3961.64753,0.00411,0.00166,0.00086,0.0014
3959.71878,0.00416,0.00174,0.00091,0.00144
3957.79003,0.00421,0.0018,0.00095,0.00148
3955.86128,0.0042,0.00178,0.00093,0.00148
3953.93254,0.00415,0.00171,0.00087,0.00143
3952.00379,0.00401,0.00155,0.00073,0.00132
3950.07504,0.00377,0.00135,0.00056,0.00117
3948.14629,0.00366,0.0013,0.00053,0.00115
3946.21755,0.0037,0.00136,0.0006,0.00121
3944.2888,0.00367,0.00132,0.00056,0.00117
3942.36005,0.00372,0.00133,0.00054,0.00117
3940.4313,0.00398,0.00152,0.00071,0.0013
3938.50256,0.00416,0.00167,0.00086,0.00142
3936.57381,0.00413,0.00164,0.00085,0.00145
3934.64506,0.00389,0.00141,0.00065,0.00133
3932.71631,0.00357,0.00111,0.00038,0.00113
3930.78757,0.00351,0.00106,0.00035,0.00106
3928.85882,0.00365,0.00126,0.00055,0.00115
3926.93007,0.00367,0.00129,0.00059,0.00117
3925.00132,0.00358,0.00115,0.00042,0.00111
3923.07258,0.00362,0.00112,0.00037,0.00114
3921.14383,0.00365,0.00113,0.00041,0.00115
3919.21508,0.0035,0.00101,0.00034,0.00104
3917.28633,0.00346,0.001,0.00035,0.00101
3915.35759,0.00375,0.0013,0.0006,0.00119
3913.42884,0.00408,0.00163,0.00088,0.00142
3911.50009,0.00424,0.00178,0.00101,0.00157
3909.57134,0.00417,0.0017,0.00096,0.00158
3907.6426,0.00368,0.00124,0.00056,0.00128
3905.71385,0.00277,0.00037,-2.30E-04,0.00063
3903.7851,0.002,-3.90E-04,-9.40E-04,0
3901.85635,0.00184,-5.40E-04,-0.00108,-1.70E-04
3899.92761,0.00226,-1.10E-04,-7.20E-04,0.0001
3897.99886,0.00298,0.00064,-9.00E-05,0.00063
3896.07011,0.00347,0.00112,0.00035,0.00101
3894.14136,0.00335,0.00095,0.00025,0.00093
3892.21261,0.00301,0.00053,-7.00E-05,0.00065
3890.28387,0.00313,0.00061,-2.00E-05,0.00071
3888.35512,0.00326,0.0008,0.00007,0.00081
3886.42637,0.00295,0.00056,-2.10E-04,0.00059
3884.49762,0.00272,0.00031,-4.20E-04,0.00041
3882.56888,0.00267,0.0002,-4.10E-04,0.00042
3880.64013,0.00271,0.00021,-3.50E-04,0.00047
3878.71138,0.0031,0.00062,-2.00E-05,0.00073
3876.78263,0.00328,0.00083,0.00015,0.00085
3874.85389,0.00287,0.00042,-1.80E-04,0.00056
3872.92514,0.00227,-1.80E-04,-6.80E-04,0.00013
3870.99639,0.00185,-6.10E-04,-0.00104,-2.20E-04
3869.06764,0.00193,-5.20E-04,-1.00E-03,-2.30E-04
3867.1389,0.00225,-2.00E-04,-7.80E-04,-1.00E-05
3865.21015,0.00223,-2.20E-04,-8.10E-04,0
3863.2814,0.00232,-1.20E-04,-7.30E-04,0.00009
3861.35265,0.00282,0.00041,-2.70E-04,0.00048
3859.42391,0.00306,0.00066,-2.00E-05,0.00072
3857.49516,0.00262,0.00022,-3.50E-04,0.00046
3855.56641,0.00147,-9.50E-04,-0.00131,-4.00E-04
3853.63766,0.00048,-0.00205,-0.00225,-0.0013
3851.70892,0.0013,-0.00131,-0.00167,-8.10E-04
3849.78017,0.00269,0.00012,-4.70E-04,0.00027
3847.85142,0.0034,0.00089,0.0002,0.00087
3845.92267,0.00333,0.00083,0.00018,0.00089
3843.99393,0.00271,0.00021,-3.50E-04,0.00046
3842.06518,0.00191,-5.60E-04,-0.00105,-1.50E-04
3840.13643,0.00118,-0.00125,-0.00169,-7.60E-04
3838.20768,0.00095,-0.00148,-0.00196,-0.00101
3836.27894,0.00146,-9.90E-04,-0.00157,-6.20E-04
3834.35019,0.00211,-3.70E-04,-9.60E-04,-1.00E-04
3832.42144,0.00257,0.00008,-5.10E-04,0.00026
3830.49269,0.00291,0.00043,-2.00E-04,0.00052
3828.56394,0.00304,0.00057,-1.20E-04,0.00064
3826.6352,0.00299,0.0005,-2.30E-04,0.00061
3824.70645,0.00269,0.00021,-4.80E-04,0.00042
3822.7777,0.00188,-5.50E-04,-0.00114,-1.70E-04
3820.84895,0.00122,-0.00123,-0.00169,-7.00E-04
3818.92021,0.00147,-0.00103,-0.00147,-5.60E-04
3816.99146,0.00194,-5.60E-04,-0.00108,-2.70E-04
3815.06271,0.00262,0.00018,-5.20E-04,0.00018
3813.13396,0.00344,0.00103,0.00021,0.00083
3811.20522,0.0037,0.00129,0.00051,0.00111
3809.27647,0.00323,0.00084,0.00017,0.00082
3807.34772,0.00256,0.00014,-4.30E-04,0.00029
3805.41897,0.0022,-2.40E-04,-7.60E-04,-1.00E-05
3803.49023,0.00177,-6.50E-04,-0.00113,-3.00E-04
3801.56148,0.00145,-9.70E-04,-0.00143,-5.60E-04
3799.63273,0.00192,-5.70E-04,-0.00108,-2.80E-04
3797.70398,0.00254,-4.00E-05,-5.90E-04,0.00011
3795.77524,0.0031,0.0005,-1.20E-04,0.0005
3793.84649,0.0037,0.00117,0.00041,0.001
3791.91774,0.00402,0.00158,0.00073,0.00133
3789.98899,0.00403,0.00162,0.00076,0.00137
3788.06025,0.00383,0.00143,0.00062,0.00124
3786.1315,0.00358,0.00117,0.0004,0.00105
3784.20275,0.00353,0.00107,0.00033,0.00103
3782.274,0.00354,0.00102,0.00032,0.00109
3780.34526,0.00336,0.00082,0.00017,0.00095
3778.41651,0.00342,0.00087,0.0002,0.0009
3776.48776,0.00382,0.00126,0.00052,0.00112
3774.55901,0.00394,0.00141,0.00065,0.0012
3772.63026,0.00356,0.00107,0.00037,0.00094
3770.70152,0.00305,0.00053,-1.00E-04,0.00054
3768.77277,0.00287,0.00035,-2.90E-04,0.00039
3766.84402,0.00299,0.0005,-1.90E-04,0.0005
3764.91527,0.00322,0.00072,0,0.0007
3762.98653,0.00334,0.0008,0.00007,0.00083
3761.05778,0.00299,0.00045,-2.20E-04,0.0006
3759.12903,0.00248,-6.00E-05,-6.20E-04,0.00018
3757.20028,0.00236,-1.60E-04,-6.90E-04,0.00006
3755.27154,0.00215,-3.20E-04,-8.80E-04,-4.00E-05
3753.34279,0.00126,-0.00121,-0.0017,-6.70E-04
3751.41404,0.00012,-0.00241,-0.00271,-0.00158
3749.48529,0.00003,-0.00252,-0.0028,-0.00168
3747.55655,0.00041,-0.00211,-0.00246,-0.00134
3745.6278,0.00042,-0.00206,-0.00245,-0.00138
3743.69905,0.00077,-0.00182,-0.00221,-0.00135
3741.7703,0.00143,-0.00129,-0.00169,-0.00103
3739.84156,0.00146,-0.00132,-0.00172,-0.00109
3737.91281,0.00062,-0.0022,-0.00252,-0.00182
3735.98406,-4.80E-04,-0.00336,-0.00351,-0.00276
3734.05531,-4.80E-04,-0.00343,-0.00354,-0.00287
3732.12657,0.00064,-0.00238,-0.00265,-0.00211
3730.19782,0.00159,-0.00147,-0.00189,-0.00145
3728.26907,0.00181,-0.00128,-0.00173,-0.00132
3726.34032,0.00158,-0.00151,-0.00194,-0.0015
3724.41158,0.00144,-0.00155,-0.00207,-0.00155
3722.48283,0.00161,-0.00124,-0.0019,-0.00133
3720.55408,0.00206,-6.90E-04,-0.0014,-8.50E-04
3718.62533,0.00265,-4.00E-05,-7.30E-04,-2.20E-04
3716.69659,0.00296,0.00033,-3.50E-04,0.00021
3714.76784,0.00256,-4.00E-05,-6.60E-04,0.00001
3712.83909,0.0015,-0.00113,-0.00164,-8.90E-04
3710.91034,0.00087,-0.00183,-0.00234,-0.00159
3708.98159,0.00149,-0.00123,-0.0019,-0.00125
3707.05285,0.00241,-3.50E-04,-0.00114,-6.00E-04
3705.1241,0.00279,0,-8.10E-04,-3.30E-04
3703.19535,0.00265,-1.50E-04,-9.10E-04,-4.30E-04
3701.2666,0.00259,-2.00E-04,-9.40E-04,-4.60E-04
3699.33786,0.00287,0.00009,-7.10E-04,-2.20E-04
3697.40911,0.00311,0.00034,-5.70E-04,-2.00E-05
3695.48036,0.00305,0.00029,-6.50E-04,-3.00E-05
3693.55161,0.00257,-2.30E-04,-0.00106,-3.60E-04
3691.62287,0.00167,-0.00116,-0.00179,-9.50E-04
3689.69412,0.00116,-0.00162,-0.00216,-0.00126
3687.76537,0.00185,-7.90E-04,-0.00147,-6.80E-04
3685.83662,0.00288,0.00035,-5.20E-04,0.00016
3683.90788,0.00343,0.00091,0,0.00062
3681.97913,0.00341,0.00086,0,0.00064
3680.05038,0.00289,0.00032,-4.20E-04,0.00027
3678.12163,0.00189,-6.70E-04,-0.00122,-4.50E-04
3676.19289,0.00092,-0.00171,-0.00206,-0.00118
3674.26414,0.00111,-0.00162,-0.00192,-0.00105
3672.33539,0.00165,-0.00109,-0.00143,-5.90E-04
3670.40664,0.00183,-8.60E-04,-0.00127,-4.10E-04
3668.4779,0.00257,-3.00E-05,-6.30E-04,0.00017
3666.54915,0.00367,0.00115,0.00033,0.00105
3664.6204,0.00429,0.00181,0.00086,0.00155
3662.69165,0.00442,0.00195,0.00094,0.00166
3660.76291,0.00426,0.00181,0.00083,0.00158
3658.83416,0.00382,0.00139,0.00049,0.00131
3656.90541,0.00334,0.00089,0.00005,0.00096
3654.97666,0.0032,0.00067,-1.20E-04,0.00084
3653.04792,0.00281,0.00019,-4.60E-04,0.00053
3651.11917,0.00154,-0.00116,-0.00158,-4.90E-04
3649.19042,0.00047,-0.00226,-0.0025,-0.0014
3647.26167,0.00136,-0.00133,-0.00169,-8.20E-04
3645.33292,0.0029,0.00026,-3.70E-04,0.00029
3643.40418,0.00377,0.00116,0.00037,0.00093
3641.47543,0.00401,0.00139,0.00057,0.00113
3639.54668,0.00405,0.00136,0.00052,0.00114
3637.61793,0.00401,0.00126,0.00037,0.00104
3635.68919,0.00377,0.00102,0.00014,0.00079
3633.76044,0.00333,0.0006,-2.20E-04,0.00043
3631.83169,0.0026,-1.70E-04,-9.10E-04,-1.50E-04
3629.90294,0.00162,-0.00124,-0.00189,-0.00103
3627.9742,0.00158,-0.00132,-0.00198,-0.00123
3626.04545,0.00261,-2.80E-04,-0.00102,-4.70E-04
3624.1167,0.00323,0.00036,-4.30E-04,0.00009
3622.18795,0.00303,0.00022,-5.60E-04,0.00009
3620.25921,0.00238,-3.30E-04,-0.00106,-2.00E-04
3618.33046,0.00214,-5.10E-04,-0.00119,-2.90E-04
3616.40171,0.00238,-2.60E-04,-9.00E-04,-1.20E-04
3614.47296,0.00253,-8.00E-05,-7.00E-04,0.00002
3612.54422,0.00263,0.00006,-6.00E-04,0.00014
3610.61547,0.00268,0.00013,-6.20E-04,0.00015
3608.68672,0.00261,0.00006,-7.60E-04,-2.00E-05
3606.75797,0.00284,0.00029,-5.90E-04,0.00004
3604.82923,0.00329,0.00074,-2.00E-04,0.00035
3602.90048,0.00338,0.00081,-1.30E-04,0.00042
3600.97173,0.00313,0.00058,-3.80E-04,0.00022
3599.04298,0.00298,0.00044,-5.70E-04,0.00006
3597.11424,0.00292,0.00035,-6.20E-04,-2.00E-05
3595.18549,0.0029,0.00032,-5.80E-04,-3.00E-05
3593.25674,0.00309,0.00054,-3.80E-04,0.00016
3591.32799,0.00318,0.00067,-2.70E-04,0.0003
3589.39924,0.00274,0.00025,-5.90E-04,0.00007
3587.4705,0.00235,-9.00E-05,-8.60E-04,-1.00E-04
3585.54175,0.00284,0.00047,-4.20E-04,0.00034
3583.613,0.00363,0.00124,0.00022,0.00092
3581.68425,0.00404,0.0016,0.00056,0.00123
3579.75551,0.00415,0.00173,0.00071,0.00137
3577.82676,0.00418,0.00181,0.00081,0.00145
3575.89801,0.00423,0.00188,0.00085,0.00148
3573.96926,0.00429,0.00196,0.00087,0.00151
3572.04052,0.00418,0.00187,0.00076,0.00145
3570.11177,0.00358,0.00128,0.00025,0.00106
3568.18302,0.00269,0.00039,-5.10E-04,0.00039
3566.25427,0.00251,0.00021,-6.60E-04,0.00021
3564.32553,0.00321,0.00092,-6.00E-05,0.00073
3562.39678,0.00385,0.00162,0.00051,0.00127
3560.46803,0.00417,0.002,0.00083,0.00154
3558.53928,0.00435,0.00222,0.00102,0.00169
3556.61054,0.00441,0.00231,0.00107,0.00174
3554.68179,0.00431,0.0022,0.00095,0.00166
3552.75304,0.00422,0.00203,0.00082,0.00154
3550.82429,0.00425,0.002,0.00079,0.00151
3548.89555,0.00413,0.00189,0.00069,0.00145
3546.9668,0.00384,0.00164,0.00049,0.0013
3545.03805,0.0038,0.00165,0.0005,0.0013
3543.1093,0.00415,0.002,0.00076,0.0015
3541.18056,0.00452,0.00237,0.00105,0.00173
3539.25181,0.00462,0.00251,0.00114,0.0018
3537.32306,0.00453,0.00244,0.00105,0.00174
3535.39431,0.00449,0.00244,0.00103,0.00174
3533.46557,0.00451,0.00248,0.00109,0.00175
3531.53682,0.00437,0.00235,0.00098,0.00165
3529.60807,0.00412,0.0021,0.00075,0.00149
3527.67932,0.00395,0.00192,0.0006,0.00138
3525.75057,0.0039,0.00185,0.00056,0.00134
3523.82183,0.00392,0.0019,0.00059,0.00135
3521.89308,0.00407,0.0021,0.00072,0.00145
3519.96433,0.00435,0.00237,0.00093,0.00163
3518.03558,0.00458,0.00258,0.00111,0.00179
3516.10684,0.00467,0.00267,0.00119,0.00186
3514.17809,0.00461,0.00263,0.00119,0.00181
3512.24934,0.00445,0.00249,0.00109,0.00169
3510.32059,0.00428,0.00236,0.00096,0.00159
3508.39185,0.00427,0.00237,0.0009,0.00158
3506.4631,0.00429,0.00236,0.00085,0.00155
3504.53435,0.00414,0.00218,0.0007,0.00141
3502.6056,0.00409,0.00211,0.00067,0.00137
3500.67686,0.00429,0.00234,0.00087,0.00153
3498.74811,0.00447,0.00253,0.00103,0.00167
3496.81936,0.00452,0.00254,0.00103,0.00167
3494.89061,0.00451,0.00256,0.00102,0.00165
3492.96187,0.00451,0.00262,0.00105,0.00167
3491.03312,0.00452,0.00266,0.00107,0.0017
3489.10437,0.00452,0.00265,0.00102,0.00172
3487.17562,0.00451,0.00265,0.00097,0.0017
3485.24688,0.00448,0.00263,0.00094,0.00167
3483.31813,0.00439,0.00257,0.00091,0.00161
3481.38938,0.00434,0.00256,0.00092,0.00157
3479.46063,0.00443,0.00268,0.00103,0.0016
3477.53189,0.00452,0.00275,0.00109,0.00162
3475.60314,0.00452,0.00269,0.00106,0.00159
3473.67439,0.00451,0.00264,0.00102,0.00158
3471.74564,0.00451,0.00266,0.00101,0.00161
3469.8169,0.00448,0.00269,0.00102,0.00166
3467.88815,0.00444,0.00273,0.00102,0.00172
3465.9594,0.00443,0.00275,0.00103,0.00175
3464.03065,0.00445,0.00273,0.00105,0.00174
3462.1019,0.0045,0.00273,0.00106,0.00175
3460.17316,0.00458,0.00279,0.00113,0.0018
3458.24441,0.00463,0.00287,0.0012,0.00179
3456.31566,0.00462,0.00292,0.00121,0.00173
3454.38691,0.00456,0.00294,0.00117,0.00168
3452.45817,0.00451,0.00294,0.00114,0.00166
3450.52942,0.00446,0.00287,0.0011,0.00163
3448.60067,0.00434,0.00269,0.00098,0.00154
3446.67192,0.00426,0.00256,0.00086,0.00149
3444.74318,0.00432,0.00261,0.00088,0.00155
3442.81443,0.00443,0.00269,0.00094,0.00161
3440.88568,0.0045,0.00274,0.00098,0.00162
3438.95693,0.00458,0.00277,0.00103,0.00163
3437.02819,0.00465,0.00281,0.00109,0.00167
3435.09944,0.00465,0.00286,0.00112,0.00169
3433.17069,0.00459,0.00287,0.00109,0.00166
3431.24194,0.00454,0.00286,0.00103,0.00161
3429.3132,0.00454,0.00287,0.00101,0.00162
3427.38445,0.00456,0.00292,0.00107,0.00169
3425.4557,0.00455,0.00295,0.00112,0.00179
3423.52695,0.00447,0.0029,0.0011,0.0018
3421.59821,0.00437,0.00281,0.00102,0.00173
3419.66946,0.00434,0.00278,0.00101,0.00167
3417.74071,0.00439,0.00285,0.00108,0.00169
3415.81196,0.00448,0.00294,0.00115,0.00172
3413.88322,0.00456,0.00299,0.00116,0.00174
3411.95447,0.00461,0.00302,0.00115,0.00173
3410.02572,0.00462,0.00304,0.00117,0.00173
3408.09697,0.0046,0.00304,0.0012,0.00173
3406.16822,0.00458,0.00302,0.00118,0.00173
3404.23948,0.00457,0.00302,0.00113,0.00172
3402.31073,0.00455,0.00304,0.00112,0.00172
3400.38198,0.00453,0.00306,0.00116,0.00176
3398.45323,0.00453,0.00306,0.00118,0.00176
3396.52449,0.0045,0.00303,0.00114,0.00171
3394.59574,0.00444,0.00298,0.00108,0.00165
3392.66699,0.00441,0.00293,0.00103,0.00164
3390.73824,0.00447,0.00293,0.00101,0.00165
3388.8095,0.00453,0.00297,0.00101,0.00164
3386.88075,0.00449,0.00296,0.001,0.00156
3384.952,0.00442,0.00297,0.00101,0.00152
3383.02325,0.00444,0.00305,0.00105,0.00156
3381.09451,0.0045,0.00312,0.00107,0.00163
3379.16576,0.00452,0.00309,0.00103,0.00167
3377.23701,0.00449,0.00301,0.00097,0.00164
3375.30826,0.00445,0.00293,0.00096,0.00158
3373.37952,0.00444,0.0029,0.00098,0.00155
3371.45077,0.00439,0.00288,0.001,0.00156
3369.52202,0.0043,0.00285,0.00098,0.00158
3367.59327,0.00427,0.00285,0.00096,0.00157
3365.66453,0.0043,0.00289,0.00096,0.00156
3363.73578,0.00434,0.00293,0.00098,0.00157
3361.80703,0.00438,0.00292,0.00102,0.00161
3359.87828,0.00442,0.00292,0.00107,0.00163
3357.94954,0.00445,0.00296,0.0011,0.00162
3356.02079,0.00445,0.00301,0.00111,0.0016
3354.09204,0.00442,0.00303,0.00109,0.00161
3352.16329,0.00439,0.00301,0.00103,0.0016
3350.23455,0.00439,0.00298,0.00102,0.0016
3348.3058,0.00442,0.00297,0.00106,0.00162
3346.37705,0.00444,0.00296,0.00108,0.00164
3344.4483,0.00443,0.00295,0.00106,0.00161
3342.51955,0.00439,0.00294,0.00104,0.00157
3340.59081,0.00433,0.00291,0.00102,0.00154
3338.66206,0.00429,0.0029,0.001,0.00151
3336.73331,0.00427,0.00289,0.00099,0.00149
3334.80456,0.00425,0.0029,0.001,0.00148
3332.87582,0.00427,0.0029,0.00103,0.00148
3330.94707,0.00433,0.00291,0.00105,0.0015
3329.01832,0.00437,0.00293,0.00106,0.00154
3327.08957,0.00435,0.00296,0.00106,0.00156
3325.16083,0.00429,0.00296,0.00102,0.00155
3323.23208,0.00426,0.00292,0.00098,0.00154
3321.30333,0.00431,0.00293,0.001,0.00156
3319.37458,0.00437,0.00299,0.00106,0.0016
3317.44584,0.00436,0.003,0.00107,0.00159
3315.51709,0.00431,0.00294,0.00101,0.00154
3313.58834,0.0043,0.00289,0.00096,0.0015
3311.65959,0.00433,0.00287,0.00097,0.00151
3309.73085,0.00434,0.00287,0.001,0.00155
3307.8021,0.00432,0.00287,0.001,0.00156
3305.87335,0.00433,0.00291,0.00101,0.00157
3303.9446,0.00435,0.00294,0.00103,0.00158
3302.01586,0.00434,0.00294,0.00102,0.00159
3300.08711,0.00432,0.00293,0.00099,0.00158
3298.15836,0.00431,0.00293,0.00099,0.00154
3296.22961,0.0043,0.00295,0.001,0.0015
3294.30087,0.00428,0.00294,0.00098,0.00149
3292.37212,0.00428,0.00292,0.00096,0.0015
3290.44337,0.00434,0.0029,0.00099,0.00153
3288.51462,0.0044,0.00292,0.00104,0.00158
3286.58587,0.00442,0.00295,0.00108,0.00162
3284.65713,0.00437,0.00295,0.00106,0.00161
3282.72838,0.0043,0.00292,0.001,0.00157
3280.79963,0.00426,0.00289,0.00095,0.00152
3278.87088,0.00424,0.00286,0.00095,0.00148
3276.94214,0.00423,0.00282,0.00096,0.00147
3275.01339,0.00421,0.00278,0.00095,0.0015
3273.08464,0.00418,0.0028,0.00095,0.00153
3271.15589,0.00422,0.00287,0.00099,0.00155
3269.22715,0.00431,0.00292,0.00104,0.00157
3267.2984,0.00438,0.00293,0.00106,0.00157
3265.36965,0.00439,0.00294,0.00107,0.00156
3263.4409,0.00434,0.00291,0.00106,0.00157
3261.51216,0.00428,0.00286,0.00101,0.00159
3259.58341,0.00426,0.00284,0.00097,0.00161
3257.65466,0.00426,0.00284,0.00096,0.00158
3255.72591,0.00424,0.00283,0.00098,0.00154
3253.79717,0.00427,0.00283,0.00102,0.00153
3251.86842,0.00432,0.00288,0.00105,0.00155
3249.93967,0.00432,0.0029,0.00104,0.00155
3248.01092,0.00427,0.00283,0.00098,0.0015
3246.08218,0.00421,0.00273,0.00093,0.00145
3244.15343,0.00421,0.0027,0.00092,0.00145
3242.22468,0.00428,0.00274,0.00096,0.00151
3240.29593,0.00433,0.00278,0.00097,0.00155
3238.36719,0.00431,0.00277,0.00094,0.00154
3236.43844,0.00428,0.00277,0.00092,0.00152
3234.50969,0.00428,0.00279,0.00096,0.0015
3232.58094,0.00431,0.00279,0.00101,0.00148
3230.6522,0.0043,0.00277,0.00101,0.00144
3228.72345,0.00424,0.00274,0.00097,0.00143
3226.7947,0.00422,0.00274,0.00095,0.00145
3224.86595,0.00425,0.00274,0.00098,0.00148
3222.9372,0.00426,0.00273,0.001,0.0015
3221.00846,0.00424,0.00271,0.00098,0.00149
3219.07971,0.00423,0.00269,0.00095,0.00143
3217.15096,0.00421,0.00267,0.00088,0.00135
3215.22221,0.00418,0.00265,0.00082,0.00133
3213.29347,0.00419,0.00265,0.00084,0.0014
3211.36472,0.00422,0.00266,0.00088,0.00144
3209.43597,0.00422,0.00266,0.00088,0.00142
3207.50722,0.00421,0.00267,0.00089,0.0014
3205.57848,0.00423,0.00271,0.00093,0.00142
3203.64973,0.00425,0.00275,0.00097,0.00144
3201.72098,0.00424,0.00275,0.00099,0.00144
3199.79223,0.00421,0.00269,0.00095,0.00143
3197.86349,0.00419,0.00263,0.00091,0.00143
3195.93474,0.00419,0.0026,0.00093,0.00147
3194.00599,0.00422,0.00264,0.00098,0.0015
3192.07724,0.00427,0.00273,0.00102,0.00153
3190.1485,0.00432,0.00282,0.00104,0.00156
3188.21975,0.00433,0.00281,0.00103,0.00156
3186.291,0.0043,0.00273,0.00097,0.00151
3184.36225,0.00425,0.00267,0.00092,0.00147
3182.43351,0.00419,0.00266,0.00089,0.00146
3180.50476,0.00415,0.00264,0.00087,0.00144
3178.57601,0.00417,0.00261,0.00087,0.00145
3176.64726,0.00424,0.0026,0.00091,0.00148
3174.71852,0.0043,0.00259,0.00094,0.0015
3172.78977,0.00433,0.00258,0.00097,0.00151
3170.86102,0.00431,0.00257,0.00098,0.00153
3168.93227,0.00428,0.00256,0.00099,0.00156
3167.00353,0.00427,0.00256,0.001,0.00155
3165.07478,0.00427,0.00257,0.00098,0.00153
3163.14603,0.00425,0.00258,0.00098,0.00153
3161.21728,0.00425,0.00262,0.00101,0.00153
3159.28853,0.00428,0.00265,0.00105,0.00151
3157.35979,0.0043,0.00265,0.00103,0.00148
3155.43104,0.0043,0.00261,0.00097,0.00146
3153.50229,0.00429,0.00255,0.0009,0.00145
3151.57354,0.00428,0.0025,0.00088,0.00145
3149.6448,0.00426,0.00249,0.0009,0.00147
3147.71605,0.00424,0.0025,0.00093,0.00148
3145.7873,0.0042,0.00249,0.00095,0.00145
3143.85855,0.00414,0.00245,0.00093,0.00141
3141.92981,0.00416,0.00244,0.00093,0.00142
3140.00106,0.00422,0.00247,0.00094,0.00147
3138.07231,0.00423,0.00246,0.00091,0.00147
3136.14356,0.00417,0.0024,0.00086,0.00145
3134.21482,0.00413,0.00236,0.00082,0.00142
3132.28607,0.00414,0.00235,0.00083,0.00142
3130.35732,0.00419,0.00238,0.00087,0.00143
3128.42857,0.00423,0.00243,0.00091,0.00147
3126.49983,0.00425,0.00249,0.00094,0.00154
3124.57108,0.00424,0.0025,0.00098,0.00159
3122.64233,0.00424,0.00248,0.001,0.00159
3120.71358,0.00428,0.00251,0.00099,0.00156
3118.78484,0.00432,0.00253,0.00098,0.00158
3116.85609,0.00435,0.00251,0.00099,0.00163
3114.92734,0.00438,0.0025,0.00101,0.00165
3112.99859,0.00444,0.00254,0.00104,0.00165
3111.06985,0.00451,0.00258,0.00106,0.00167
3109.1411,0.00457,0.00261,0.00111,0.00171
3107.21235,0.00462,0.00266,0.00118,0.00176
3105.2836,0.0047,0.00273,0.00126,0.00186
3103.35485,0.00477,0.0028,0.0013,0.00195
3101.42611,0.00479,0.00283,0.0013,0.00198
3099.49736,0.0048,0.00284,0.0013,0.00198
3097.56861,0.00482,0.00286,0.00132,0.002
3095.63986,0.00487,0.0029,0.00137,0.00204
3093.71112,0.0049,0.00292,0.0014,0.00207
3091.78237,0.00489,0.00287,0.00137,0.00203
3089.85362,0.00487,0.00283,0.00132,0.00197
3087.92487,0.00485,0.00283,0.00129,0.00195
3085.99613,0.00481,0.00283,0.00127,0.00194
3084.06738,0.00477,0.00277,0.00124,0.0019
3082.13863,0.00477,0.00274,0.00124,0.00189
3080.20988,0.00482,0.00279,0.00129,0.00194
3078.28114,0.00495,0.00289,0.00135,0.00204
3076.35239,0.00511,0.00302,0.00142,0.00218
3074.42364,0.00523,0.00313,0.00149,0.0023
3072.49489,0.00533,0.00321,0.00158,0.00241
3070.56615,0.00541,0.00326,0.00165,0.00248
3068.6374,0.00546,0.00328,0.00168,0.00251
3066.70865,0.00548,0.00327,0.0017,0.0025
3064.7799,0.00548,0.00325,0.00174,0.00249
3062.85116,0.00546,0.00323,0.00176,0.00247
3060.92241,0.00538,0.0032,0.00171,0.00242
3058.99366,0.00529,0.00313,0.00162,0.00233
3057.06491,0.00525,0.00304,0.00155,0.00227
3055.13617,0.00525,0.003,0.00154,0.00226
3053.20742,0.00523,0.00301,0.00154,0.00225
3051.27867,0.00515,0.00299,0.00152,0.0022
3049.34992,0.00505,0.00291,0.00147,0.00213
3047.42118,0.005,0.00286,0.00141,0.00207
3045.49243,0.00502,0.00286,0.00138,0.00205
3043.56368,0.00504,0.0029,0.00139,0.00207
3041.63493,0.00508,0.00295,0.00144,0.00213
3039.70618,0.00518,0.00299,0.00148,0.0022
3037.77744,0.00524,0.003,0.0015,0.00223
3035.84869,0.00521,0.00296,0.0015,0.00218
3033.91994,0.0051,0.00285,0.00144,0.00207
3031.99119,0.00496,0.00269,0.00129,0.0019
3030.06245,0.00483,0.00255,0.00113,0.00174
3028.1337,0.0047,0.00243,0.001,0.0016
3026.20495,0.00453,0.00227,0.00084,0.00142
3024.2762,0.00438,0.0021,0.00066,0.00121
3022.34746,0.00432,0.00197,0.00051,0.00102
3020.41871,0.00428,0.00185,0.00036,0.00086
3018.48996,0.00422,0.00172,0.00017,0.00067
3016.56121,0.00416,0.00158,-3.00E-05,0.00044
3014.63247,0.00413,0.00143,-2.20E-04,0.00024
3012.70372,0.00413,0.00128,-3.90E-04,0.0001
3010.77497,0.00416,0.00118,-5.10E-04,-2.00E-05
3008.84622,0.00418,0.00114,-5.50E-04,-1.00E-04
3006.91748,0.00416,0.00115,-5.30E-04,-1.10E-04
3004.98873,0.00416,0.0012,-4.50E-04,-3.00E-05
3003.05998,0.0042,0.0013,-3.10E-04,0.00013
3001.13123,0.0043,0.00147,-1.30E-04,0.00033
2999.20249,0.00441,0.00166,0.00004,0.00053
2997.27374,0.00451,0.00183,0.00017,0.0007
2995.34499,0.00463,0.00198,0.00031,0.00086
2993.41624,0.0048,0.00215,0.00049,0.00103
2991.4875,0.005,0.00231,0.00065,0.00121
2989.55875,0.00519,0.00245,0.00075,0.00137
2987.63,0.00541,0.00261,0.00087,0.00154
2985.70125,0.00567,0.00282,0.00104,0.00176
2983.77251,0.00597,0.00302,0.0012,0.00199
2981.84376,0.00628,0.0032,0.00133,0.00218
2979.91501,0.00662,0.00339,0.00146,0.00235
2977.98626,0.00696,0.00358,0.00159,0.00251
2976.05751,0.00727,0.00372,0.00169,0.00264
2974.12877,0.00759,0.00381,0.00173,0.00273
2972.20002,0.00791,0.00389,0.00173,0.00279
2970.27127,0.00817,0.00389,0.00164,0.00274
2968.34252,0.00827,0.00373,0.00138,0.00247
2966.41378,0.00822,0.00344,0.00098,0.00205
2964.48503,0.00801,0.00304,0.0005,0.00151
2962.55628,0.00766,0.00252,-6.00E-05,0.00084
2960.62753,0.00721,0.00195,-6.60E-04,0.00013
2958.69879,0.00675,0.00141,-0.00124,-5.30E-04
2956.77004,0.00636,0.00094,-0.00171,-0.00105
2954.84129,0.00604,0.0006,-0.00201,-0.00143
2952.91254,0.0058,0.00042,-0.00214,-0.00165
2950.9838,0.00564,0.00035,-0.00221,-0.00177
2949.05505,0.00556,0.0003,-0.00228,-0.00186
2947.1263,0.0055,0.00018,-0.00241,-0.00202
2945.19755,0.00546,-5.00E-05,-0.00268,-0.00229
2943.26881,0.00545,-3.50E-04,-0.00308,-0.00268
2941.34006,0.00546,-7.00E-04,-0.00356,-0.00317
2939.41131,0.00549,-0.00111,-0.00412,-0.00379
2937.48256,0.0055,-0.00161,-0.00481,-0.00454
2935.55382,0.0055,-0.00219,-0.00559,-0.00537
2933.62507,0.00548,-0.0028,-0.0064,-0.00623
2931.69632,0.00538,-0.00343,-0.0072,-0.0071
2929.76757,0.0052,-0.00404,-0.008,-0.00794
2927.83883,0.00497,-0.00461,-0.00872,-0.00867
2925.91008,0.00472,-0.00506,-0.00924,-0.00924
2923.98133,0.0045,-0.00533,-0.0095,-0.00957
2922.05258,0.00428,-0.00542,-0.00954,-0.00968
2920.12383,0.00406,-0.00535,-0.00942,-0.00959
2918.19509,0.00389,-0.0051,-0.00908,-0.00923
2916.26634,0.00382,-0.00466,-0.00845,-0.00855
2914.33759,0.00386,-0.00403,-0.00755,-0.00759
2912.40884,0.00398,-0.00331,-0.00656,-0.00653
2910.4801,0.00409,-0.00266,-0.00571,-0.00559
2908.55135,0.00415,-0.00218,-0.00506,-0.00487
2906.6226,0.00416,-0.00182,-0.00456,-0.00434
2904.69385,0.00417,-0.00152,-0.00414,-0.0039
2902.76511,0.00416,-0.00125,-0.00378,-0.00353
2900.83636,0.00417,-0.00103,-0.00347,-0.00319
2898.90761,0.00421,-8.10E-04,-0.00319,-0.00287
2896.97886,0.00428,-6.10E-04,-0.00293,-0.00257
2895.05012,0.00436,-4.20E-04,-0.00268,-0.0023
2893.12137,0.00438,-2.30E-04,-0.00246,-0.00208
2891.19262,0.00438,-5.00E-05,-0.00223,-0.00186
2889.26387,0.00439,0.00012,-0.002,-0.00163
2887.33513,0.00442,0.00025,-0.0018,-0.00139
2885.40638,0.00446,0.00037,-0.00165,-0.00118
2883.47763,0.00453,0.00049,-0.0015,-0.00103
2881.54888,0.00461,0.00064,-0.00135,-8.90E-04
2879.62014,0.00472,0.00075,-0.00127,-7.90E-04
2877.69139,0.00481,0.00076,-0.0013,-7.70E-04
2875.76264,0.00487,0.00069,-0.00141,-8.50E-04
2873.83389,0.00491,0.00059,-0.00154,-9.90E-04
2871.90515,0.00493,0.00051,-0.00164,-0.00114
2869.9764,0.00487,0.00041,-0.00175,-0.00131
2868.04765,0.00475,0.00024,-0.00192,-0.00153
2866.1189,0.00459,-5.00E-05,-0.00223,-0.00189
2864.19016,0.00443,-4.70E-04,-0.00272,-0.00243
2862.26141,0.00425,-0.00102,-0.00338,-0.00316
2860.33266,0.00406,-0.00166,-0.00416,-0.00399
2858.40391,0.00388,-0.00233,-0.00498,-0.00485
2856.47516,0.0037,-0.0029,-0.00568,-0.00561
2854.54642,0.00352,-0.00326,-0.00611,-0.0061
2852.61767,0.00338,-0.00336,-0.00624,-0.00624
2850.68892,0.00327,-0.00322,-0.00604,-0.00605
2848.76017,0.00322,-0.00279,-0.00545,-0.00545
2846.83143,0.0033,-0.00208,-0.0045,-0.00442
2844.90268,0.00345,-0.00127,-0.00345,-0.00324
2842.97393,0.00357,-5.80E-04,-0.00257,-0.00226
2841.04518,0.00363,-1.00E-04,-0.00196,-0.00158
2839.11644,0.00367,0.00022,-0.00153,-0.00112
2837.18769,0.00374,0.00045,-0.00121,-8.20E-04
2835.25894,0.0038,0.00062,-9.70E-04,-5.90E-04
2833.33019,0.00381,0.00074,-7.90E-04,-4.00E-04
2831.40145,0.00381,0.00083,-6.50E-04,-2.40E-04
2829.4727,0.00382,0.00092,-5.30E-04,-9.00E-05
2827.54395,0.00383,0.00099,-4.20E-04,0.00003
2825.6152,0.00383,0.00105,-3.30E-04,0.00012
2823.68646,0.00381,0.00111,-2.60E-04,0.00017
2821.75771,0.00381,0.00118,-2.00E-04,0.00023
2819.82896,0.00383,0.00126,-1.40E-04,0.00032
2817.90021,0.00385,0.00131,-8.00E-05,0.00041
2815.97147,0.00383,0.00131,-3.00E-05,0.00045
2814.04272,0.00379,0.00133,0,0.00045
2812.11397,0.00377,0.00134,0.00004,0.00047
2810.18522,0.00379,0.00136,0.00007,0.00053
2808.25648,0.00382,0.00138,0.00011,0.00057
2806.32773,0.00382,0.00139,0.00012,0.0006
2804.39898,0.00379,0.00138,0.00012,0.0006
2802.47023,0.00376,0.00135,0.00011,0.00059
2800.54149,0.00374,0.00134,0.00012,0.00059
2798.61274,0.00372,0.00134,0.00014,0.00059
2796.68399,0.0037,0.00135,0.00015,0.00059
2794.75524,0.00368,0.00135,0.00015,0.00058
2792.82649,0.00369,0.00138,0.00014,0.00059
2790.89775,0.00371,0.0014,0.00014,0.00062
2788.969,0.00373,0.00141,0.00016,0.00065
2787.04025,0.00373,0.0014,0.00018,0.00066
2785.1115,0.00371,0.00141,0.0002,0.00065
2783.18276,0.0037,0.00143,0.00022,0.00066
2781.25401,0.00372,0.00144,0.00025,0.00068
2779.32526,0.00375,0.00147,0.0003,0.00071
2777.39651,0.00378,0.00152,0.00034,0.00074
2775.46777,0.00378,0.00154,0.00035,0.00076
2773.53902,0.00376,0.00151,0.00034,0.00076
2771.61027,0.00373,0.00149,0.00033,0.00075
2769.68152,0.00371,0.00148,0.00032,0.00075
2767.75278,0.00371,0.00148,0.00032,0.00077
2765.82403,0.00372,0.00148,0.00033,0.00078
2763.89528,0.00373,0.00149,0.00035,0.00079
2761.96653,0.00373,0.0015,0.00035,0.0008
2760.03779,0.00369,0.0015,0.00032,0.00078
2758.10904,0.00365,0.00148,0.0003,0.00073
2756.18029,0.00364,0.00147,0.00031,0.00072
2754.25154,0.00367,0.00148,0.00035,0.00076
2752.3228,0.00373,0.00151,0.00037,0.00079
2750.39405,0.00374,0.00153,0.00038,0.00079
2748.4653,0.00371,0.00151,0.00035,0.00076
2746.53655,0.0037,0.00149,0.00033,0.00074
2744.60781,0.00371,0.0015,0.00033,0.00075
2742.67906,0.00373,0.00153,0.00035,0.00078
2740.75031,0.00373,0.00152,0.00036,0.0008
2738.82156,0.00374,0.0015,0.00037,0.00082
2736.89281,0.00374,0.0015,0.00037,0.00081
2734.96407,0.00373,0.00151,0.00037,0.00081
2733.03532,0.00371,0.0015,0.00038,0.00082
2731.10657,0.0037,0.0015,0.00038,0.0008
2729.17782,0.0037,0.0015,0.00036,0.00078
2727.24908,0.0037,0.00151,0.00035,0.00078
2725.32033,0.00369,0.00152,0.00036,0.00078
2723.39158,0.00371,0.00154,0.00038,0.00078
2721.46283,0.00373,0.00155,0.00038,0.00079
2719.53409,0.00372,0.00153,0.00035,0.00079
2717.60534,0.00369,0.00152,0.00034,0.00078
2715.67659,0.00368,0.00152,0.00037,0.00078
2713.74784,0.0037,0.00153,0.0004,0.00079
2711.8191,0.00373,0.00154,0.00043,0.00081
2709.89035,0.00373,0.00153,0.00043,0.00082
2707.9616,0.0037,0.00152,0.00041,0.00084
2706.03285,0.00368,0.00152,0.00039,0.00084
2704.10411,0.00369,0.00153,0.00038,0.00082
2702.17536,0.00371,0.00152,0.00038,0.00082
2700.24661,0.00372,0.00151,0.00038,0.00084
2698.31786,0.00371,0.00152,0.00038,0.00085
2696.38912,0.00372,0.00153,0.0004,0.00085
2694.46037,0.00375,0.00153,0.00042,0.00086
2692.53162,0.00377,0.00153,0.00042,0.00086
2690.60287,0.00376,0.00152,0.00041,0.00086
2688.67413,0.00375,0.00151,0.0004,0.00086
2686.74538,0.00373,0.00152,0.00042,0.00086
2684.81663,0.0037,0.00153,0.00042,0.00084
2682.88788,0.00366,0.00151,0.00037,0.00082
2680.95914,0.00364,0.00149,0.00034,0.00081
2679.03039,0.00362,0.00149,0.00033,0.00079
2677.10164,0.0036,0.00148,0.00034,0.00077
2675.17289,0.00359,0.00147,0.00035,0.00074
2673.24414,0.00359,0.00145,0.00035,0.00072
2671.3154,0.0036,0.00144,0.00034,0.00073
2669.38665,0.00363,0.00144,0.00035,0.00075
2667.4579,0.00365,0.00145,0.00037,0.00076
2665.52915,0.00365,0.00146,0.00038,0.00075
2663.60041,0.00364,0.00147,0.00038,0.00075
2661.67166,0.00365,0.00148,0.00038,0.00076
2659.74291,0.00366,0.00149,0.00037,0.00078
2657.81416,0.00364,0.0015,0.00037,0.00078
2655.88542,0.0036,0.00149,0.00036,0.00078
2653.95667,0.00359,0.00146,0.00034,0.00078
2652.02792,0.0036,0.00145,0.00034,0.00079
2650.09917,0.00362,0.00147,0.00035,0.00081
2648.17043,0.00362,0.00148,0.00033,0.00082
2646.24168,0.00362,0.00146,0.00031,0.0008
2644.31293,0.00364,0.00145,0.00033,0.00079
2642.38418,0.00364,0.00144,0.00038,0.00079
2640.45544,0.00363,0.00144,0.00041,0.0008
2638.52669,0.00363,0.00148,0.00041,0.0008
2636.59794,0.00364,0.0015,0.00038,0.00078
2634.66919,0.00367,0.00149,0.00038,0.00079
2632.74045,0.00369,0.00148,0.0004,0.00081
2630.8117,0.00369,0.00146,0.00042,0.00084
2628.88295,0.00368,0.00145,0.00041,0.00086
2626.9542,0.00367,0.00146,0.00037,0.00084
2625.02546,0.00367,0.00147,0.00031,0.00079
2623.09671,0.00366,0.00147,0.00029,0.00078
2621.16796,0.00365,0.00147,0.00031,0.00079
2619.23921,0.00367,0.00147,0.00035,0.00077
2617.31047,0.00371,0.00148,0.00038,0.00075
2615.38172,0.00374,0.0015,0.00042,0.00078
2613.45297,0.00373,0.00152,0.00044,0.00083
2611.52422,0.00372,0.00155,0.00044,0.00086
2609.59547,0.00375,0.00159,0.00044,0.00087
2607.66673,0.00378,0.0016,0.00046,0.00087
2605.73798,0.00381,0.00161,0.00048,0.00088
2603.80923,0.00384,0.00163,0.0005,0.00091
2601.88048,0.00382,0.00167,0.0005,0.00094
2599.95174,0.00378,0.00168,0.0005,0.00095
2598.02299,0.00376,0.00166,0.00049,0.00097
2596.09424,0.00377,0.00165,0.00046,0.00096
2594.16549,0.00381,0.00166,0.00045,0.00094
2592.23675,0.00382,0.00166,0.00047,0.00094
2590.308,0.00381,0.00164,0.00046,0.00094
2588.37925,0.00382,0.00161,0.00044,0.00095
2586.4505,0.00384,0.00161,0.00046,0.00097
2584.52176,0.00387,0.00162,0.00053,0.00096
2582.59301,0.00384,0.00162,0.00054,0.00089
2580.66426,0.0038,0.00162,0.0005,0.00084
2578.73551,0.00377,0.00162,0.00047,0.00088
2576.80677,0.00376,0.00161,0.00046,0.00092
2574.87802,0.00371,0.00158,0.00045,0.0009
2572.94927,0.00366,0.00156,0.00046,0.00086
2571.02052,0.00363,0.00155,0.00047,0.00082
2569.09178,0.00358,0.00151,0.00044,0.0008
2567.16303,0.00356,0.00149,0.00041,0.00084
2565.23428,0.00359,0.00151,0.00042,0.0009
2563.30553,0.00362,0.00151,0.00045,0.00089
2561.37679,0.00361,0.00149,0.00045,0.00084
2559.44804,0.00359,0.00147,0.00044,0.00081
2557.51929,0.00356,0.00147,0.0004,0.0008
2555.59054,0.00356,0.00146,0.00037,0.00077
2553.66179,0.00357,0.00147,0.00036,0.00076
2551.73305,0.00357,0.0015,0.00037,0.00077
2549.8043,0.00356,0.00155,0.00037,0.00081
2547.87555,0.00357,0.00156,0.00039,0.00083
2545.9468,0.00358,0.00154,0.00038,0.00082
2544.01806,0.00359,0.00154,0.00037,0.00083
2542.08931,0.00361,0.00154,0.00036,0.00085
2540.16056,0.00359,0.00152,0.00034,0.00082
2538.23181,0.00354,0.00147,0.0003,0.00077
2536.30307,0.00355,0.00145,0.00033,0.0008
2534.37432,0.00361,0.00148,0.0004,0.00085
2532.44557,0.00363,0.00153,0.00043,0.00081
2530.51682,0.00358,0.00154,0.0004,0.00076
2528.58808,0.00353,0.00148,0.00036,0.00076
2526.65933,0.00352,0.0014,0.00033,0.00075
2524.73058,0.00351,0.00135,0.00033,0.00072
2522.80183,0.00352,0.00132,0.00035,0.00073
2520.87309,0.00354,0.00134,0.00036,0.00076
2518.94434,0.00353,0.00139,0.00037,0.00075
2517.01559,0.0035,0.00144,0.00038,0.00073
2515.08684,0.00351,0.00148,0.00039,0.00076
2513.1581,0.00356,0.0015,0.00038,0.0008
2511.22935,0.00359,0.00151,0.00039,0.00082
2509.3006,0.00358,0.00151,0.0004,0.00081
2507.37185,0.00351,0.00149,0.00039,0.00079
2505.44311,0.00346,0.00145,0.00036,0.00073
2503.51436,0.00349,0.00144,0.00037,0.00072
2501.58561,0.00356,0.00149,0.0004,0.00077
2499.65686,0.00357,0.00152,0.0004,0.00082
2497.72812,0.00354,0.00153,0.00039,0.00081
2495.79937,0.00355,0.00155,0.00041,0.0008
2493.87062,0.00358,0.00156,0.00042,0.00079
2491.94187,0.00358,0.00155,0.0004,0.00076
2490.01312,0.00357,0.00154,0.00039,0.00076
2488.08438,0.00358,0.00153,0.00041,0.00079
2486.15563,0.00358,0.00151,0.00042,0.00081
2484.22688,0.00358,0.00153,0.00048,0.00086
2482.29813,0.0036,0.00156,0.00055,0.0009
2480.36939,0.00364,0.00156,0.00054,0.00091
2478.44064,0.00365,0.00155,0.0005,0.0009
2476.51189,0.00364,0.00153,0.00048,0.00088
2474.58314,0.00361,0.0015,0.00048,0.00088
2472.6544,0.0036,0.0015,0.00051,0.00091
2470.72565,0.00361,0.00154,0.00051,0.00091
2468.7969,0.00359,0.00153,0.00047,0.00087
2466.86815,0.00358,0.0015,0.00045,0.00085
2464.93941,0.00362,0.00152,0.00051,0.00085
2463.01066,0.00368,0.00158,0.00057,0.00089
2461.08191,0.00375,0.00164,0.0006,0.00093
2459.15316,0.00378,0.0017,0.00061,0.00096
2457.22442,0.00377,0.00174,0.00057,0.00097
2455.29567,0.00375,0.00173,0.00054,0.00098
2453.36692,0.00378,0.00169,0.00057,0.00101
2451.43817,0.00381,0.00169,0.00061,0.00104
2449.50943,0.00382,0.0017,0.00062,0.00107
2447.58068,0.00382,0.00169,0.0006,0.00109
2445.65193,0.0038,0.00166,0.00057,0.00107
2443.72318,0.00377,0.00166,0.00058,0.00103
2441.79444,0.00374,0.00169,0.00059,0.00103
2439.86569,0.0037,0.00169,0.00057,0.00103
2437.93694,0.00363,0.00163,0.00054,0.00099
2436.00819,0.00357,0.00155,0.00052,0.00093
2434.07944,0.00355,0.00151,0.00049,0.0009
2432.1507,0.00356,0.00152,0.00048,0.00091
2430.22195,0.00359,0.00156,0.00051,0.00096
2428.2932,0.00363,0.0016,0.00053,0.00099
2426.36445,0.00363,0.00162,0.0005,0.00097
2424.43571,0.00362,0.00161,0.00047,0.00093
2422.50696,0.00361,0.00161,0.00049,0.00091
2420.57821,0.00364,0.00162,0.00054,0.00093
2418.64946,0.0037,0.00164,0.00058,0.00096
2416.72072,0.00374,0.00168,0.00056,0.00098
2414.79197,0.00371,0.00169,0.00052,0.00097
2412.86322,0.00367,0.0017,0.00049,0.00096
2410.93447,0.00367,0.00172,0.0005,0.00098
2409.00573,0.0037,0.00175,0.00052,0.001
2407.07698,0.00373,0.00173,0.00054,0.00098
2405.14823,0.00373,0.00168,0.00057,0.00097
2403.21948,0.00371,0.00165,0.00057,0.00099
2401.29074,0.0037,0.00163,0.00056,0.001
2399.36199,0.00368,0.00162,0.00055,0.00099
2397.43324,0.00365,0.00162,0.00051,0.00096
2395.50449,0.00361,0.00158,0.00044,0.0009
2393.57575,0.00358,0.00154,0.00039,0.00086
2391.647,0.00356,0.0015,0.00039,0.00084
2389.71825,0.00352,0.00142,0.00035,0.00078
2387.7895,0.00339,0.00119,0.00015,0.00052
2385.86076,0.00305,0.00069,-3.00E-04,-7.00E-05
2383.93201,0.00247,-1.50E-04,-0.00109,-0.00104
2382.00326,0.00171,-0.00129,-0.0022,-0.00233
2380.07451,0.00083,-0.00265,-0.00355,-0.0039
2378.14577,-1.70E-04,-0.0043,-0.00516,-0.00584
2376.21702,-0.00144,-0.00639,-0.00716,-0.0083
2374.28827,-0.00307,-0.00894,-0.00958,-0.01128
2372.35952,-0.00489,-0.01176,-0.0123,-0.01453
2370.43077,-0.00664,-0.01457,-0.01516,-0.01784
2368.50203,-0.00839,-0.01733,-0.01804,-0.0212
2366.57328,-0.01031,-0.02019,-0.02093,-0.02454
2364.64453,-0.01217,-0.02271,-0.02369,-0.02753
2362.71578,-0.01349,-0.02442,-0.02592,-0.02983
2360.78704,-0.01423,-0.02549,-0.02696,-0.03115
2358.85829,-0.01423,-0.02547,-0.02619,-0.03079
2356.92954,-0.0128,-0.02353,-0.02358,-0.02815
2355.00079,-0.01041,-0.02032,-0.0201,-0.02422
2353.07205,-0.00794,-0.01656,-0.01651,-0.0199
2351.1433,-0.00589,-0.01325,-0.01351,-0.01614
2349.21455,-0.0049,-0.01168,-0.01205,-0.01429
2347.2858,-0.00517,-0.01216,-0.01243,-0.0148
2345.35706,-0.00657,-0.01442,-0.01452,-0.01751
2343.42831,-0.00828,-0.01712,-0.01711,-0.02076
2341.49956,-0.0091,-0.01838,-0.01833,-0.02213
2339.57081,-0.00905,-0.01825,-0.01825,-0.02191
2337.64207,-0.00874,-0.01772,-0.01783,-0.02139
2335.71332,-0.00844,-0.01717,-0.01739,-0.02084
2333.78457,-0.00816,-0.01657,-0.01692,-0.02011
2331.85582,-0.00787,-0.0159,-0.01648,-0.01932
2329.92708,-0.00743,-0.01515,-0.01592,-0.0185
2327.99833,-0.00678,-0.01436,-0.01506,-0.01753
2326.06958,-0.00606,-0.01343,-0.01392,-0.0164
2324.14083,-0.00536,-0.01225,-0.01265,-0.01509
2322.21209,-0.00462,-0.01091,-0.01138,-0.01363
2320.28334,-0.00372,-0.0096,-0.01012,-0.01204
2318.35459,-0.00283,-0.00835,-0.00891,-0.01051
2316.42584,-0.00213,-0.00728,-0.00788,-0.00931
2314.4971,-0.00168,-0.0065,-0.00714,-0.00846
2312.56835,-0.00138,-0.00591,-0.00661,-0.00779
2310.6396,-0.00103,-0.00531,-0.00605,-0.00709
2308.71085,-5.00E-04,-0.00456,-0.00533,-0.0062
2306.7821,0.00012,-0.00368,-0.00447,-0.00515
2304.85336,0.00062,-0.0029,-0.00371,-0.00427
2302.92461,0.0009,-0.00239,-0.00322,-0.00372
2300.99586,0.00112,-0.002,-0.00288,-0.00327
2299.06711,0.00135,-0.00165,-0.00255,-0.0028
2297.13837,0.00154,-0.00136,-0.00224,-0.00241
2295.20962,0.00172,-0.00109,-0.00193,-0.00208
2293.28087,0.00192,-7.60E-04,-0.00166,-0.00173
2291.35212,0.00212,-4.20E-04,-0.00141,-0.00137
2289.42338,0.00233,-6.00E-05,-0.00112,-0.00103
2287.49463,0.00255,0.00032,-8.10E-04,-6.70E-04
2285.56588,0.00278,0.00066,-4.90E-04,-3.00E-04
2283.63713,0.00294,0.00085,-2.40E-04,-6.00E-05
2281.70839,0.00297,0.00087,-1.70E-04,-2.00E-05
2279.77964,0.00291,0.00079,-2.70E-04,-1.00E-04
2277.85089,0.00286,0.0007,-4.20E-04,-2.20E-04
2275.92214,0.0028,0.00061,-5.40E-04,-3.40E-04
2273.9934,0.00274,0.00058,-5.90E-04,-3.60E-04
2272.06465,0.00269,0.00058,-5.80E-04,-3.10E-04
2270.1359,0.00262,0.00057,-5.40E-04,-3.20E-04
2268.20715,0.00258,0.00058,-4.90E-04,-3.40E-04
2266.27841,0.00257,0.00058,-4.60E-04,-3.00E-04
2264.34966,0.00259,0.00059,-4.70E-04,-2.30E-04
2262.42091,0.00261,0.00061,-4.70E-04,-2.00E-04
2260.49216,0.0026,0.00063,-4.50E-04,-2.20E-04
2258.56342,0.00259,0.00064,-4.40E-04,-2.40E-04
2256.63467,0.00267,0.0007,-3.90E-04,-2.00E-04
2254.70592,0.0028,0.00083,-2.90E-04,-1.00E-04
2252.77717,0.00285,0.00093,-1.90E-04,0.00002
2250.84842,0.00282,0.00094,-1.60E-04,0.00012
2248.91968,0.00283,0.00093,-1.10E-04,0.00023
2246.99093,0.00286,0.00093,-9.00E-05,0.00025
2245.06218,0.00282,0.00094,-1.40E-04,0.00018
2243.13343,0.00279,0.00098,-1.50E-04,0.00018
2241.20469,0.00283,0.00105,-6.00E-05,0.00026
2239.27594,0.00291,0.0011,0.00003,0.00031
2237.34719,0.00294,0.0011,0.00006,0.00035
2235.41844,0.00296,0.00112,0.00006,0.00042
2233.4897,0.00299,0.00115,0.00009,0.00045
2231.56095,0.00303,0.00115,0.00012,0.00039
2229.6322,0.00304,0.0011,0.00015,0.00033
2227.70345,0.003,0.00111,0.00016,0.00033
2225.77471,0.00295,0.00123,0.00013,0.00041
2223.84596,0.00293,0.00131,0.00007,0.0005
2221.91721,0.00287,0.00127,0,0.00051
2219.98846,0.00281,0.00119,-6.00E-05,0.0004
2218.05972,0.00277,0.00108,-1.00E-04,0.0003
2216.13097,0.00275,0.001,-1.40E-04,0.00026
2214.20222,0.00272,0.00098,-1.30E-04,0.00028
2212.27347,0.00273,0.00096,-9.00E-05,0.00032
2210.34473,0.00272,0.00094,-7.00E-05,0.0003
2208.41598,0.00269,0.00097,-9.00E-05,0.00026
2206.48723,0.00272,0.00103,-1.00E-04,0.00029
2204.55848,0.00275,0.00102,-1.40E-04,0.00031
2202.62974,0.00273,0.00096,-2.10E-04,0.00024
2200.70099,0.00272,0.00091,-2.10E-04,0.00013
2198.77224,0.0027,0.00088,-2.10E-04,0.00004
2196.84349,0.00265,0.00092,-2.20E-04,-1.00E-05
2194.91475,0.00264,0.00102,-1.30E-04,0.00003
2192.986,0.00269,0.00113,-3.00E-05,0.00015
2191.05725,0.00273,0.00115,0,0.00027
2189.1285,0.00272,0.00106,0,0.00029
2187.19975,0.0027,0.00092,0,0.0002
2185.27101,0.00271,0.00086,-1.00E-05,0.00012
2183.34226,0.00274,0.00088,-5.00E-05,0.00008
2181.41351,0.00278,0.00089,-6.00E-05,0.00007
2179.48476,0.00276,0.0009,-2.00E-05,0.0001
2177.55602,0.0027,0.00095,0,0.00016
2175.62727,0.0027,0.00101,-9.00E-05,0.00018
2173.69852,0.00275,0.001,-2.40E-04,0.00013
2171.76977,0.00273,0.0009,-3.20E-04,0.00007
2169.84103,0.00263,0.00084,-2.70E-04,0.00003
2167.91228,0.00247,0.00085,-2.20E-04,-4.00E-05
2165.98353,0.00236,0.00084,-2.60E-04,-1.30E-04
2164.05478,0.00239,0.00081,-3.00E-04,-1.40E-04
2162.12604,0.00246,0.00082,-2.80E-04,-8.00E-05
2160.19729,0.00239,0.0008,-2.50E-04,-1.00E-05
2158.26854,0.00236,0.00076,-2.10E-04,0.00005
2156.33979,0.00242,0.00075,-1.80E-04,0.00006
2154.41105,0.00239,0.0007,-2.10E-04,0
2152.4823,0.00235,0.00067,-2.50E-04,-2.00E-05
2150.55355,0.00241,0.00079,-2.40E-04,0.00008
2148.6248,0.00246,0.00091,-2.00E-04,0.00012
2146.69606,0.00241,0.00092,-1.90E-04,0.00003
2144.76731,0.00242,0.00094,-1.40E-04,0.00002
2142.83856,0.00252,0.00109,-6.00E-05,0.00015
2140.90981,0.00262,0.00119,-1.00E-05,0.00029
2138.98107,0.00265,0.00115,-2.00E-05,0.00031
2137.05232,0.00265,0.00107,-6.00E-05,0.00027
2135.12357,0.00265,0.00105,-9.00E-05,0.00021
2133.19482,0.00266,0.00105,-4.00E-05,0.00017
2131.26608,0.00271,0.00104,0.00004,0.00021
2129.33733,0.00279,0.00102,0.00008,0.00029
2127.40858,0.00283,0.00103,0.00013,0.00035
2125.47983,0.00282,0.00109,0.0002,0.00037
2123.55108,0.00283,0.00113,0.00022,0.00036
2121.62234,0.0029,0.00117,0.00021,0.00035
2119.69359,0.00294,0.00122,0.00023,0.00037
2117.76484,0.00289,0.00125,0.00024,0.00041
2115.83609,0.00282,0.00125,0.00023,0.00043
2113.90735,0.00282,0.00122,0.00017,0.00039
2111.9786,0.00283,0.00116,0.0001,0.00033
2110.04985,0.00283,0.00111,0.00008,0.0003
2108.1211,0.00287,0.00116,0.00013,0.00036
2106.19236,0.0029,0.00127,0.00019,0.00044
2104.26361,0.00287,0.00133,0.00021,0.00046
2102.33486,0.00284,0.00131,0.00017,0.00044
2100.40611,0.00283,0.00127,0.00011,0.00038
2098.47737,0.00285,0.00123,0.00009,0.00036
2096.54862,0.0029,0.00121,0.00013,0.00039
2094.61987,0.00292,0.00119,0.00017,0.00039
2092.69112,0.00288,0.00117,0.00016,0.00033
2090.76238,0.00288,0.00117,0.00015,0.00033
2088.83363,0.00291,0.00118,0.00018,0.00036
2086.90488,0.00289,0.00118,0.00019,0.00036
2084.97613,0.00287,0.00118,0.00021,0.00042
2083.04739,0.00294,0.00123,0.00024,0.00052
2081.11864,0.00303,0.00128,0.00025,0.00055
2079.18989,0.00305,0.00128,0.00021,0.0005
2077.26114,0.00299,0.00124,0.00016,0.00047
2075.3324,0.00296,0.00118,0.00014,0.00052
2073.40365,0.00294,0.00115,0.00011,0.00057
2071.4749,0.00288,0.00114,0.00007,0.00052
2069.54615,0.00279,0.00111,0.00007,0.00042
2067.6174,0.00273,0.00106,0.00008,0.00039
2065.68866,0.00268,0.00108,0.00005,0.0004
2063.75991,0.00264,0.00114,0.00002,0.00038
2061.83116,0.00265,0.00114,0.00005,0.00033
2059.90241,0.00272,0.0011,0.00009,0.00029
2057.97367,0.00277,0.00109,0.00008,0.00029
2056.04492,0.00274,0.00114,0.00005,0.00031
2054.11617,0.00275,0.00117,0.00006,0.00033
2052.18742,0.00283,0.00119,0.00009,0.00034
2050.25868,0.00289,0.00124,0.00011,0.00032
2048.32993,0.00285,0.00127,0.00012,0.00026
2046.40118,0.00274,0.00124,0.00013,0.00021
2044.47243,0.00268,0.00122,0.00009,0.00026
2042.54369,0.00278,0.00122,0.00005,0.00037
2040.61494,0.00291,0.00123,0.0001,0.00051
2038.68619,0.00293,0.00126,0.00016,0.00058
2036.75744,0.00291,0.00129,0.0002,0.00058
2034.8287,0.00291,0.00126,0.00024,0.00056
2032.89995,0.00285,0.0012,0.00019,0.00049
2030.9712,0.00278,0.00122,0.00008,0.00043
2029.04245,0.00273,0.00124,0.00001,0.0004
2027.11371,0.00265,0.00112,-5.00E-05,0.00035
2025.18496,0.00257,0.00097,-1.00E-04,0.00029
2023.25621,0.00251,0.00097,-9.00E-05,0.00024
2021.32746,0.00244,0.00103,-6.00E-05,0.0002
2019.39872,0.00234,0.00093,-1.20E-04,0.00014
2017.46997,0.00227,0.00073,-1.90E-04,0.00009
2015.54122,0.00229,0.00069,-1.70E-04,0.00011
2013.61247,0.00231,0.00082,-1.10E-04,0.00016
2011.68373,0.00232,0.00096,-4.00E-05,0.00023
2009.75498,0.00239,0.00107,0.00011,0.00028
2007.82623,0.00251,0.00115,0.00025,0.00034
2005.89748,0.00264,0.00119,0.00026,0.0004
2003.96873,0.00273,0.00122,0.0002,0.00042
2002.03999,0.0027,0.00122,0.00015,0.00034
2000.11124,0.00258,0.00113,0.00007,0.0002
